,answer,state,10/1/2020,10/10/2020,10/11/2020,10/12/2020,10/13/2020,10/14/2020,10/15/2020,10/16/2020,10/17/2020,10/18/2020,10/19/2020,10/2/2020,10/20/2020,10/21/2020,10/22/2020,10/23/2020,10/24/2020,10/25/2020,10/26/2020,10/27/2020,10/28/2020,10/3/2020,10/4/2020,10/5/2020,10/6/2020,10/7/2020,10/8/2020,10/9/2020,11/1/2020,11/2/2020,11/3/2020,8/16/2020,8/17/2020,8/18/2020,8/19/2020,8/20/2020,8/21/2020,8/22/2020,8/23/2020,8/24/2020,8/25/2020,8/26/2020,8/28/2020,8/29/2020,8/30/2020,8/31/2020,9/1/2020,9/10/2020,9/11/2020,9/12/2020,9/13/2020,9/14/2020,9/15/2020,9/16/2020,9/17/2020,9/18/2020,9/19/2020,9/2/2020,9/20/2020,9/21/2020,9/22/2020,9/23/2020,9/24/2020,9/25/2020,9/26/2020,9/27/2020,9/28/2020,9/29/2020,9/3/2020,9/30/2020,9/4/2020,9/5/2020,9/6/2020,9/7/2020,9/8/2020,9/9/2020,10/29/2020,10/30/2020,10/31/2020,Result
0,Biden,Alabama,0.0004,0.000575,0.000325,0.000375,0.000425,0.0001,7.5e-05,0.0001,5e-05,0.000175,7.5e-05,0.000225,0.0,0.000125,7.5e-05,2.5e-05,0.0,5e-05,0.00015,0.00015,0.0,0.000175,0.000325,0.00045,0.000275,0.000275,0.0004,0.0005,0.0,0.0,0.0,0.0005,0.000375,0.00034375,0.00053125,0.00046875,0.0004375,0.00028125,0.000375,0.00028125,0.00046875,0.00075,0.0004,0.00045,0.00025,0.0003,0.00025,0.0001,0.0002,0.000175,5e-05,5e-05,0.000175,0.00015,0.0001,2.5e-05,5e-05,0.000125,0.000125,7.5e-05,0.0,0.00025,0.000175,0.0002,0.0004,0.00025,0.00015,0.00025,0.000133333,0.000275,0.000225,0.000175,0.0001,7.5e-05,0.000275,0.000175,0.00045,0.00025,0.0003,0
1,Biden,Alaska,0.1062,0.108225,0.110225,0.10885,0.10885,0.115325,0.119125,0.10355,0.071825,0.07075,0.0696,0.10625,0.073225,0.08585,0.06665,0.067525,0.07335,0.073125,0.1033,0.108225,0.130025,0.0909,0.0994,0.1011,0.113525,0.0974,0.106,0.1119,0.0545,0.0401875,0.050925,0.1065625,0.09821875,0.0919375,0.08990625,0.09184375,0.08490625,0.08753125,0.0929375,0.0941875,0.10290625,0.0895,0.088975,0.0853,0.07915,0.08455,0.08355,0.09645,0.077625,0.079,0.071375,0.0733,0.076725,0.073525,0.073225,0.075575,0.080575,0.08305,0.080275,0.07335,0.073775,0.07255,0.076075,0.092,0.083775,0.08495,0.08405,0.095675,0.093666667,0.104475,0.0971,0.085025,0.0856,0.0861,0.107675,0.10435,0.0853,0.07915,0.08455,0
2,Biden,Arizona,0.613525,0.6719,0.6781,0.669375,0.66965,0.68075,0.68065,0.67105,0.6717,0.6687,0.668325,0.6347,0.6906,0.71555,0.719675,0.666525,0.649525,0.650975,0.699375,0.72385,0.766525,0.5952,0.6168,0.62055,0.651325,0.688725,0.68535,0.7023,0.7325,0.703125,0.7315125,0.6238125,0.600875,0.5850625,0.5871875,0.591875,0.6011875,0.6014375,0.66796875,0.67425,0.6821875,0.66475,0.653925,0.650875,0.618725,0.641825,0.6215,0.62655,0.60615,0.62555,0.58355,0.614575,0.604425,0.6043,0.615475,0.61425,0.633525,0.636225,0.62825,0.6176,0.61415,0.62035,0.60225,0.599425,0.582325,0.60455,0.60775,0.629275,0.687933333,0.624875,0.678075,0.6475,0.653575,0.653975,0.6317,0.6274,0.650875,0.618725,0.641825,1
3,Biden,Arkansas,0.000225,0.00035,0.000475,0.000375,0.000175,0.0001,0.00015,0.0001,0.000175,0.000225,0.0001,0.00025,0.000125,0.000175,0.000125,2.5e-05,0.0001,0.000125,0.0002,0.0004,0.0003,7.5e-05,0.000225,0.00015,0.000325,0.000225,0.00035,0.0002,2.5e-05,0.0,0.0,0.00075,0.0005625,0.00053125,0.00075,0.00053125,0.00075,0.00096875,0.0005625,0.0003125,0.0005625,0.00075,0.000575,0.00045,0.000525,0.000525,0.000475,0.000275,0.00025,0.00015,5e-05,0.00015,0.0002,0.000225,7.5e-05,0.0001,0.0001,0.00035,0.0002,0.0001,7.5e-05,0.00025,0.0002,0.0002,0.0002,0.0003,0.0002,0.00025,0.0004,0.000175,0.000375,0.0003,0.000275,0.000275,0.00025,0.00025,0.00045,0.000525,0.000525,0
4,Biden,California,1.0,1.0,1.0,1.0,1.0,1.0,1.0,1.0,1.0,1.0,1.0,1.0,1.0,1.0,1.0,1.0,1.0,1.0,1.0,1.0,1.0,1.0,1.0,1.0,1.0,1.0,1.0,1.0,1.0,1.0,1.0,1.0,1.0,1.0,1.0,1.0,1.0,1.0,1.0,1.0,1.0,1.0,1.0,1.0,1.0,1.0,1.0,1.0,1.0,1.0,1.0,1.0,1.0,1.0,1.0,1.0,1.0,1.0,1.0,1.0,1.0,1.0,1.0,1.0,1.0,1.0,1.0,1.0,1.0,1.0,1.0,1.0,1.0,1.0,1.0,1.0,1.0,1.0,1.0,1
5,Biden,Colorado,0.969975,0.97805,0.981325,0.978775,0.97855,0.98845,0.990425,0.9823,0.9834,0.98355,0.98315,0.9757,0.984025,0.987925,0.987625,0.989925,0.989775,0.9894,0.99395,0.99555,0.99745,0.96915,0.972925,0.973725,0.976675,0.9798,0.977425,0.982425,0.997575,0.9985625,0.998675,0.9773125,0.97553125,0.97521875,0.97478125,0.97571875,0.97075,0.97240625,0.97834375,0.9796875,0.98040625,0.985,0.977775,0.978025,0.9729,0.976225,0.974675,0.958675,0.95405,0.95845,0.9478,0.95405,0.952225,0.9553,0.963625,0.963575,0.9667,0.9679,0.9659,0.9645,0.9605,0.961475,0.965075,0.967325,0.965575,0.967875,0.96535,0.968,0.975933333,0.969925,0.97305,0.966,0.968825,0.96895,0.972,0.971725,0.978025,0.9729,0.976225,1
6,Biden,Connecticut,0.99975,0.999875,0.9999,0.9999,0.999925,0.999925,0.99995,0.9999,1.0,0.999975,1.0,0.999975,1.0,0.99995,1.0,0.999975,0.99995,0.999975,1.0,1.0,1.0,0.9999,0.999775,0.9998,0.9999,0.999825,0.999975,0.999975,1.0,1.0,1.0,0.99975,0.9996875,0.99959375,0.99946875,0.99971875,0.99946875,0.9995625,0.99953125,0.99978125,0.9998125,1.0,0.99965,0.999475,0.999525,0.99955,0.99955,0.999275,0.99955,0.999775,0.999625,0.9994,0.99975,0.999575,0.999775,0.9999,0.999825,0.99945,0.999875,0.99995,0.999875,0.9996,0.999825,0.999525,0.999725,0.999825,0.999625,0.9999,1.0,0.999775,0.999625,0.99935,0.999575,0.99915,0.999425,0.999725,0.999475,0.999525,0.99955,1
7,Biden,DC,1.0,1.0,1.0,1.0,1.0,1.0,1.0,1.0,1.0,1.0,1.0,1.0,1.0,1.0,1.0,1.0,1.0,1.0,1.0,1.0,1.0,1.0,1.0,1.0,1.0,1.0,1.0,1.0,1.0,1.0,1.0,1.0,1.0,1.0,1.0,1.0,1.0,1.0,1.0,1.0,1.0,1.0,1.0,1.0,1.0,1.0,1.0,1.0,1.0,1.0,1.0,1.0,1.0,1.0,1.0,1.0,1.0,1.0,1.0,1.0,1.0,1.0,1.0,1.0,1.0,1.0,1.0,1.0,1.0,1.0,1.0,1.0,1.0,1.0,1.0,1.0,1.0,1.0,1.0,1
8,Biden,Delaware,0.9997,0.999975,0.999975,0.9999,1.0,0.99985,0.999975,1.0,0.999925,0.999975,0.9999,0.99985,0.99995,1.0,0.999975,0.999975,0.999975,1.0,1.0,1.0,1.0,0.999775,0.999775,0.99975,0.99995,0.999975,0.999975,1.0,1.0,1.0,1.0,0.99871875,0.99840625,0.9979375,0.998,0.99828125,0.99821875,0.99846875,0.9981875,0.99878125,0.999625,0.999,0.999425,0.999475,0.99915,0.999325,0.999175,0.9993,0.99935,0.999725,0.999325,0.999525,0.9995,0.999375,0.999775,0.999475,0.99985,0.999075,0.99955,0.999725,0.999425,0.9997,0.999575,0.999525,0.999475,0.999475,0.99955,0.99935,0.999733333,0.999675,0.99875,0.9992,0.999325,0.998675,0.998675,0.999375,0.999475,0.99915,0.999325,1
9,Biden,Florida,0.68055,0.755225,0.75705,0.74845,0.74555,0.76385,0.746,0.7531,0.758625,0.75605,0.7549,0.7113,0.7699,0.771125,0.7671,0.766925,0.7368,0.734925,0.7787,0.7911,0.792575,0.68515,0.704375,0.70585,0.721275,0.723575,0.75065,0.766,0.7311,0.7805625,0.799775,0.78165625,0.7651875,0.7580625,0.7581875,0.771375,0.76709375,0.77196875,0.7950625,0.8038125,0.80528125,0.78875,0.78205,0.77815,0.749,0.768025,0.7567,0.69955,0.699425,0.723325,0.691175,0.70335,0.690425,0.684975,0.7025,0.698025,0.6918,0.728525,0.69125,0.6812,0.672725,0.672425,0.660225,0.661,0.656625,0.673175,0.66435,0.674175,0.7472,0.680375,0.717325,0.68325,0.683075,0.6919,0.667175,0.65635,0.77815,0.7490000000000001,0.768025,0
10,Biden,Georgia,0.455175,0.501925,0.5057,0.473275,0.4771,0.4321,0.447725,0.4506,0.445375,0.448425,0.45375,0.483975,0.45965,0.45795,0.480875,0.48675,0.4427,0.43985,0.498625,0.528375,0.521075,0.464175,0.48685,0.485575,0.492325,0.499775,0.511575,0.523325,0.565925,0.5661875,0.5829875,0.479625,0.45271875,0.44021875,0.43371875,0.46278125,0.46459375,0.4670625,0.445375,0.45065625,0.48821875,0.497,0.479525,0.471575,0.44735,0.462725,0.460025,0.404975,0.38995,0.419575,0.405375,0.408325,0.40635,0.4036,0.395725,0.402475,0.397775,0.40955,0.3949,0.36805,0.38815,0.404825,0.3967,0.382375,0.3752,0.381925,0.375225,0.369475,0.418533333,0.445375,0.417675,0.386525,0.38645,0.397275,0.398225,0.394475,0.471575,0.44735,0.462725,1
11,Biden,Hawaii,1.0,1.0,1.0,1.0,1.0,1.0,1.0,1.0,1.0,1.0,1.0,1.0,1.0,1.0,1.0,1.0,1.0,1.0,1.0,1.0,1.0,1.0,1.0,1.0,1.0,1.0,1.0,1.0,1.0,1.0,1.0,1.0,1.0,1.0,1.0,1.0,1.0,1.0,1.0,1.0,1.0,1.0,1.0,1.0,1.0,1.0,1.0,1.0,1.0,1.0,1.0,1.0,1.0,1.0,1.0,1.0,1.0,1.0,1.0,1.0,1.0,1.0,1.0,1.0,1.0,1.0,1.0,1.0,1.0,1.0,1.0,1.0,1.0,1.0,1.0,1.0,1.0,1.0,1.0,1
12,Biden,Idaho,0.0,0.0,0.0,0.0,0.0,0.0,0.0,0.0,0.0,0.0,0.0,0.0,0.0,0.0,0.0,0.0,0.0,0.0,0.0,0.0,0.0,0.0,0.0,0.0,0.0,0.0,0.0,0.0,0.0,0.0,0.0,3.13e-05,0.0,0.0,0.0,0.0,0.0,0.0,0.0,0.0,0.0,0.0,0.0,0.0,0.0,0.0,0.0,0.0,0.0,0.0,0.0,0.0,0.0,0.0,0.0,0.0,0.0,0.0,0.0,0.0,0.0,0.0,0.0,0.0,0.0,0.0,0.0,0.0,0.0,0.0,0.0,0.0,2.5e-05,0.0,0.0,0.0,0.0,0.0,0.0,0
13,Biden,Illinois,0.997625,0.9991,0.9986,0.99875,0.99875,0.999375,0.998975,0.99925,0.9993,0.99915,0.99945,0.9984,0.999625,0.9997,0.9999,0.999525,0.999425,0.9997,0.999675,0.999825,0.999875,0.997575,0.997875,0.998175,0.998725,0.99885,0.9988,0.998925,0.999825,1.0,0.9999875,0.996625,0.99640625,0.99584375,0.99590625,0.99603125,0.99653125,0.995875,0.997125,0.9975,0.99775,0.99775,0.99765,0.99755,0.997,0.9981,0.9973,0.9974,0.997075,0.99785,0.996775,0.99715,0.9968,0.997025,0.9978,0.99775,0.997875,0.996275,0.9981,0.997825,0.99695,0.99785,0.997625,0.997925,0.997675,0.997975,0.99755,0.997875,0.998,0.9978,0.997425,0.99635,0.99585,0.997225,0.996575,0.997075,0.99755,0.997,0.9981,1
14,Biden,Indiana,0.001,0.0017,0.00205,0.001175,0.000975,0.0009,0.0017,0.001025,0.000875,0.001325,0.001,0.001525,0.000825,0.00075,0.0011,0.000725,0.000675,0.000525,0.001525,0.00195,0.001775,0.000825,0.0012,0.0009,0.0014,0.001325,0.001425,0.001425,0.00075,0.0003125,0.00075,0.0125625,0.01025,0.0085,0.0095625,0.01053125,0.0091875,0.00940625,0.009625,0.00828125,0.01103125,0.01125,0.00905,0.008475,0.007325,0.00745,0.0075,0.00605,0.001775,0.001875,0.0009,0.00105,0.001325,0.0011,0.000925,0.001275,0.000925,0.004825,0.00115,0.00145,0.000675,0.00125,0.001575,0.001175,0.0012,0.001425,0.001325,0.0012,0.006266667,0.001475,0.0064,0.0045,0.004675,0.0048,0.00605,0.0064,0.008475,0.007325,0.00745,0
15,Biden,Iowa,0.3857,0.42485,0.4207,0.395825,0.396675,0.41085,0.3879,0.362775,0.3485,0.34365,0.3437,0.378725,0.35795,0.379025,0.39315,0.3746,0.3781,0.372175,0.476,0.508875,0.563725,0.3246,0.35095,0.35565,0.37255,0.367075,0.4019,0.418975,0.39225,0.3869375,0.450525,0.40203125,0.37340625,0.3643125,0.3625625,0.37640625,0.34890625,0.35925,0.35553125,0.369625,0.389875,0.36725,0.36065,0.35105,0.319575,0.34155,0.3379,0.32985,0.28595,0.302625,0.268575,0.284025,0.28285,0.2861,0.322425,0.316875,0.321925,0.30595,0.317925,0.317825,0.303325,0.31345,0.33675,0.3402,0.327775,0.3348,0.334275,0.345925,0.341466667,0.362825,0.328825,0.299575,0.29875,0.30905,0.332875,0.32615,0.35105,0.319575,0.34155,0
16,Biden,Kansas,0.007825,0.010525,0.0106,0.0091,0.008625,0.0091,0.0091,0.00715,0.006375,0.0057,0.00615,0.008025,0.006325,0.006325,0.003425,0.00295,0.00335,0.0031,0.00565,0.007,0.007475,0.006575,0.009025,0.008,0.0089,0.00805,0.0096,0.009925,0.0028,0.00075,0.00135,0.01496875,0.0120625,0.012,0.01184375,0.01171875,0.0114375,0.01159375,0.01053125,0.00965625,0.01315625,0.01125,0.010575,0.009275,0.0078,0.0095,0.009375,0.00665,0.005,0.005025,0.00275,0.0043,0.00425,0.004225,0.00445,0.0043,0.003825,0.00725,0.0041,0.0036,0.00345,0.00395,0.0048,0.0076,0.00655,0.007725,0.0067,0.0074,0.0076,0.0083,0.007225,0.005975,0.006525,0.0064,0.007575,0.007475,0.009275,0.0078,0.0095,0
17,Biden,Kentucky,0.0,5e-05,5e-05,0.0,0.0,0.0,0.0,0.0,2.5e-05,0.0,0.0,0.0,0.0,0.0,0.0,0.0,0.0,2.5e-05,0.0,2.5e-05,2.5e-05,0.0,0.0001,0.0,0.0,0.0,2.5e-05,7.5e-05,0.0,0.0,0.0,0.00025,9.38e-05,0.000125,0.00015625,0.0001875,9.38e-05,0.000125,0.0001875,3.13e-05,0.00015625,0.00025,0.0001,0.000275,0.00015,0.00015,0.0001,5e-05,0.000125,5e-05,0.0,2.5e-05,7.5e-05,5e-05,5e-05,0.0,0.0,2.5e-05,5e-05,2.5e-05,7.5e-05,2.5e-05,5e-05,0.0,5e-05,0.0,0.0,0.0,0.000133333,0.0,7.5e-05,2.5e-05,0.00015,2.5e-05,5e-05,7.5e-05,0.000275,0.00015,0.00015,0
18,Biden,Louisiana,0.010225,0.01245,0.0121,0.0104,0.009775,0.0067,0.0036,0.003525,0.003675,0.003675,0.00385,0.010975,0.003525,0.003325,0.003725,0.00365,0.002325,0.002475,0.0095,0.012275,0.001175,0.00895,0.01105,0.01035,0.0117,0.011575,0.012425,0.0142,0.000975,0.0005625,0.0006125,0.01146875,0.008875,0.00871875,0.009125,0.017625,0.01790625,0.01759375,0.0155,0.01596875,0.0206875,0.02125,0.018425,0.0175,0.014675,0.01605,0.01585,0.01035,0.0089,0.0109,0.0092,0.009475,0.00875,0.007625,0.007925,0.00875,0.007325,0.01035,0.00895,0.006525,0.008175,0.00845,0.009575,0.00875,0.007875,0.008,0.00715,0.0074,0.0108,0.009725,0.011475,0.007975,0.008,0.00835,0.009175,0.009775,0.0175,0.014675,0.01605,0
19,Biden,Maine,0.9875,0.992925,0.992775,0.9923,0.992525,0.994725,0.9932,0.9924,0.992575,0.991925,0.9921,0.98985,0.9938,0.9948,0.9948,0.993525,0.992725,0.9935,0.997125,0.99795,0.9985,0.98625,0.988225,0.989,0.989875,0.989275,0.991975,0.993075,0.998525,0.9990625,0.9996125,0.95946875,0.954375,0.9540625,0.9530625,0.958125,0.94909375,0.95071875,0.95725,0.95871875,0.9621875,0.96175,0.952275,0.953875,0.946075,0.953725,0.9503,0.950225,0.95755,0.96495,0.952375,0.956125,0.954925,0.9575,0.97935,0.97995,0.983575,0.945325,0.9815,0.981925,0.9785,0.979675,0.980975,0.98155,0.981025,0.9819,0.98015,0.9849,0.955466667,0.986325,0.95085,0.9364,0.93845,0.94465,0.9447,0.943825,0.953875,0.946075,0.953725,1
20,Biden,Maryland,1.0,1.0,1.0,1.0,1.0,1.0,1.0,1.0,1.0,1.0,1.0,1.0,1.0,1.0,1.0,1.0,1.0,1.0,1.0,1.0,1.0,1.0,1.0,1.0,1.0,1.0,1.0,1.0,1.0,1.0,1.0,1.0,1.0,1.0,1.0,0.99996875,1.0,1.0,1.0,0.9999375,1.0,1.0,1.0,1.0,1.0,1.0,1.0,1.0,1.0,1.0,1.0,1.0,1.0,1.0,0.999975,1.0,1.0,1.0,1.0,1.0,1.0,1.0,1.0,1.0,1.0,1.0,1.0,1.0,1.0,1.0,1.0,1.0,1.0,1.0,1.0,1.0,1.0,1.0,1.0,1
21,Biden,Massachusetts,1.0,1.0,1.0,1.0,1.0,1.0,1.0,1.0,1.0,1.0,1.0,1.0,1.0,1.0,1.0,1.0,1.0,1.0,1.0,1.0,1.0,1.0,1.0,1.0,1.0,1.0,1.0,1.0,1.0,1.0,1.0,1.0,1.0,1.0,1.0,1.0,1.0,1.0,1.0,1.0,1.0,1.0,1.0,1.0,1.0,1.0,1.0,1.0,1.0,1.0,1.0,1.0,1.0,1.0,1.0,1.0,1.0,1.0,1.0,1.0,1.0,1.0,1.0,1.0,1.0,1.0,1.0,1.0,1.0,1.0,1.0,1.0,1.0,1.0,1.0,1.0,1.0,1.0,1.0,1
22,Biden,Michigan,0.90545,0.9315,0.933875,0.920175,0.914675,0.9187,0.9161,0.9173,0.9137,0.913075,0.910775,0.918575,0.923075,0.933025,0.934425,0.93235,0.9272,0.92995,0.964325,0.972525,0.9771,0.8907,0.907425,0.908375,0.921575,0.91975,0.926075,0.93365,0.9767,0.9784375,0.9837875,0.87771875,0.8603125,0.8585,0.85890625,0.87284375,0.85621875,0.85790625,0.87396875,0.87971875,0.89346875,0.879,0.873625,0.865875,0.842725,0.86045,0.8543,0.8667,0.8608,0.87725,0.856175,0.8655,0.8612,0.8621,0.882725,0.885325,0.89365,0.830375,0.8916,0.890875,0.883075,0.87945,0.892075,0.8835,0.880725,0.885825,0.87585,0.886125,0.849266667,0.896125,0.84395,0.81935,0.823225,0.8344,0.84405,0.842275,0.865875,0.842725,0.86045,1
23,Biden,Minnesota,0.933575,0.95615,0.95635,0.952225,0.94715,0.95255,0.949575,0.948025,0.947375,0.944425,0.945675,0.9444,0.94975,0.95485,0.9579,0.9513,0.9518,0.951625,0.973775,0.9792,0.9887,0.926525,0.9368,0.93915,0.94435,0.945875,0.94725,0.9553,0.985575,0.98575,0.9896375,0.92528125,0.91565625,0.915875,0.91678125,0.9216875,0.8975625,0.9009375,0.91025,0.91346875,0.92196875,0.92475,0.91025,0.909725,0.8956,0.905675,0.901875,0.88685,0.87805,0.890625,0.873025,0.891225,0.8856,0.8876,0.91555,0.916075,0.917125,0.887925,0.91565,0.914725,0.90885,0.9118,0.92155,0.922475,0.91645,0.922825,0.91875,0.926225,0.901066667,0.930775,0.896475,0.8785,0.8794,0.88745,0.89185,0.89135,0.909725,0.8956,0.905675,1
24,Biden,Mississippi,0.0169,0.021525,0.021775,0.017825,0.018425,0.013875,0.0113,0.0125,0.0124,0.012425,0.012075,0.020625,0.012075,0.012,0.014175,0.012925,0.00975,0.010075,0.015125,0.0199,0.0054,0.01715,0.01965,0.02055,0.018775,0.019925,0.021925,0.02445,0.004775,0.00225,0.002125,0.03028125,0.02471875,0.0251875,0.024875,0.02828125,0.02990625,0.028875,0.0258125,0.0255,0.03125,0.03075,0.02855,0.026975,0.0248,0.0295,0.027825,0.02005,0.018275,0.021625,0.020475,0.019125,0.0192,0.018275,0.017125,0.01745,0.015625,0.020475,0.01715,0.01495,0.0135,0.01485,0.0153,0.0154,0.01395,0.016175,0.013025,0.0129,0.0214,0.017525,0.023125,0.019225,0.020875,0.0207,0.02005,0.020675,0.026975,0.0248,0.0295,0
25,Biden,Missouri,0.03205,0.04335,0.04545,0.03965,0.039175,0.030425,0.0297,0.0264,0.0243,0.023225,0.024475,0.038625,0.023775,0.026225,0.022825,0.022675,0.02125,0.019025,0.030775,0.0383,0.039775,0.0288,0.0354,0.034675,0.037425,0.034775,0.0404,0.04275,0.02235,0.0139375,0.0184,0.0573125,0.048375,0.0458125,0.04603125,0.046375,0.04259375,0.046125,0.0414375,0.03925,0.04853125,0.04975,0.042175,0.037475,0.03175,0.0348,0.040275,0.03205,0.02735,0.029075,0.023425,0.025925,0.0265,0.02555,0.028875,0.0261,0.026875,0.032875,0.026625,0.02545,0.02395,0.026625,0.02885,0.028625,0.026225,0.0284,0.024575,0.02615,0.034466667,0.031625,0.0342,0.0265,0.027625,0.029775,0.0322,0.0323,0.037475,0.03175,0.0348,0
26,Biden,Montana,0.012675,0.0164,0.018025,0.013725,0.016625,0.01705,0.015875,0.01335,0.01245,0.011425,0.0111,0.0147,0.010625,0.011125,0.009725,0.0082,0.008075,0.007825,0.01755,0.018425,0.0274,0.01155,0.013675,0.013125,0.01375,0.0124,0.015075,0.016025,0.0136,0.01025,0.0173,0.02821875,0.022625,0.02278125,0.02203125,0.0243125,0.0193125,0.02278125,0.02096875,0.02053125,0.022375,0.01925,0.019075,0.0167,0.01435,0.0169,0.015525,0.013375,0.012925,0.0136,0.010075,0.010675,0.01195,0.011075,0.014225,0.01245,0.012375,0.014125,0.01325,0.0111,0.009625,0.01085,0.0121,0.01275,0.011225,0.011275,0.0104,0.01255,0.015933333,0.0136,0.016325,0.0107,0.012975,0.01275,0.0135,0.014275,0.0167,0.01435,0.0169,0
27,Biden,Nebraska,0.000375,0.0005,0.000575,0.00045,0.000425,0.0004,0.00055,0.0004,0.000225,0.000225,0.0002,0.000625,0.00015,0.00025,0.000275,0.000175,0.000275,0.0002,0.000575,0.0004,0.0004,0.00045,0.0006,0.00035,0.000425,0.0003,0.000525,0.000575,0.0003,0.00025,0.000275,0.00196875,0.001625,0.0013125,0.0019375,0.00171875,0.00121875,0.0015625,0.00153125,0.0010625,0.00146875,0.00175,0.001025,0.00115,0.000825,0.00115,0.000875,0.00075,0.00065,0.000475,0.000275,0.000425,0.00055,0.00035,0.000625,0.00035,0.000325,0.0005,0.000275,0.00035,0.000425,0.0005,0.000525,0.00055,0.0004,0.0006,0.00035,0.00055,0.000466667,0.00025,0.0007,0.000475,0.000825,0.00055,0.000675,0.0008,0.00115,0.000825,0.00115,0
28,Biden,Nevada,0.8469,0.879725,0.880075,0.88485,0.88255,0.8766,0.8737,0.8805,0.88255,0.88245,0.884925,0.862825,0.898125,0.90645,0.919875,0.90475,0.896675,0.8971,0.9114,0.92195,0.932175,0.83875,0.853325,0.853325,0.86965,0.88185,0.8809,0.89065,0.930725,0.944625,0.947875,0.869,0.8655,0.85603125,0.852,0.8501875,0.862,0.86365625,0.88925,0.89475,0.90421875,0.8955,0.89245,0.886125,0.870825,0.881475,0.872975,0.843975,0.833225,0.854025,0.820375,0.8282,0.8228,0.817525,0.82185,0.820425,0.826875,0.860875,0.825475,0.8162,0.80845,0.820325,0.814375,0.859525,0.8442,0.852825,0.854425,0.86175,0.878666667,0.86245,0.871625,0.852675,0.857,0.86125,0.8401,0.830925,0.886125,0.870825,0.881475,1
29,Biden,New Hampshire,0.889925,0.927425,0.925875,0.92465,0.918025,0.936375,0.93845,0.9379,0.9368,0.935825,0.93525,0.898375,0.938875,0.94565,0.9431,0.939725,0.93885,0.9386,0.962375,0.969225,0.978675,0.87895,0.893325,0.895675,0.903725,0.903725,0.90595,0.928025,0.976625,0.978875,0.9855875,0.91534375,0.90828125,0.9051875,0.90490625,0.91025,0.89215625,0.87871875,0.886125,0.89240625,0.8979375,0.89175,0.8821,0.881825,0.862525,0.87425,0.8673,0.857175,0.859875,0.875175,0.822975,0.834575,0.829225,0.83185,0.87055,0.8725,0.87675,0.85735,0.8739,0.878175,0.8661,0.849625,0.865025,0.8586,0.8557,0.861525,0.8554,0.86895,0.865066667,0.882575,0.864175,0.83645,0.8388,0.8508,0.850775,0.849225,0.881825,0.862525,0.87425,1
30,Biden,New Jersey,0.99945,0.99955,0.9996,0.999725,0.999825,0.999825,0.999725,0.9999,0.999875,0.9999,0.99995,0.9998,0.999975,1.0,0.999975,0.999925,0.99995,1.0,0.99985,0.99995,1.0,0.99965,0.9998,0.999775,0.9998,0.999725,0.999525,0.999925,1.0,1.0,1.0,0.9990625,0.99940625,0.99928125,0.999125,0.99925,0.999125,0.99903125,0.9995625,0.99946875,0.9996875,0.99975,0.999525,0.999575,0.999425,0.999675,0.9996,0.999075,0.9995,0.999425,0.999275,0.999225,0.999425,0.9992,0.999525,0.9994,0.999525,0.99935,0.999325,0.9994,0.99925,0.999425,0.9995,0.999625,0.999425,0.99965,0.99945,0.999425,0.999666667,0.9996,0.999325,0.999225,0.999375,0.9995,0.999,0.99925,0.999575,0.999425,0.999675,1
31,Biden,New Mexico,0.98655,0.99555,0.99535,0.99565,0.99535,0.99555,0.9961,0.996275,0.99615,0.99615,0.996725,0.989425,0.9969,0.997225,0.9974,0.996375,0.9948,0.996075,0.9958,0.996725,0.996625,0.98835,0.989475,0.98905,0.990425,0.994075,0.99555,0.99595,0.995275,0.9970625,0.9977125,0.98471875,0.98428125,0.9814375,0.9808125,0.982,0.9844375,0.983375,0.98659375,0.986375,0.987125,0.9895,0.986425,0.9871,0.985125,0.98675,0.98545,0.98665,0.986225,0.988975,0.98605,0.988275,0.98735,0.987575,0.9877,0.987225,0.987925,0.9864,0.988275,0.98675,0.9873,0.988025,0.985225,0.983675,0.985125,0.98725,0.987825,0.988875,0.9888,0.9894,0.988825,0.98475,0.9865,0.990475,0.9854,0.9844,0.9871,0.985125,0.98675,1
32,Biden,New York,1.0,1.0,1.0,1.0,1.0,1.0,1.0,1.0,1.0,1.0,1.0,1.0,1.0,1.0,1.0,1.0,1.0,1.0,1.0,1.0,1.0,1.0,1.0,1.0,1.0,1.0,1.0,1.0,1.0,1.0,1.0,0.99990625,1.0,1.0,1.0,1.0,1.0,1.0,1.0,1.0,1.0,1.0,1.0,1.0,1.0,1.0,1.0,1.0,1.0,1.0,1.0,1.0,1.0,1.0,1.0,1.0,1.0,1.0,1.0,1.0,1.0,1.0,1.0,1.0,1.0,1.0,1.0,1.0,1.0,1.0,1.0,1.0,1.0,1.0,1.0,1.0,1.0,1.0,1.0,1
33,Biden,North Carolina,0.5987,0.6737,0.66835,0.657125,0.6554,0.643125,0.64435,0.636525,0.62915,0.62795,0.630925,0.6167,0.64665,0.689425,0.68245,0.6673,0.65515,0.6477,0.7368,0.761975,0.7294,0.5734,0.6046,0.607575,0.62195,0.616275,0.6512,0.6672,0.69795,0.6675625,0.698425,0.62353125,0.586625,0.5868125,0.57971875,0.60534375,0.590375,0.595375,0.54925,0.56059375,0.60759375,0.61075,0.59005,0.580475,0.55125,0.577375,0.57575,0.5442,0.5182,0.5457,0.5209,0.5294,0.52975,0.530175,0.540775,0.554225,0.533075,0.525175,0.536975,0.52815,0.521475,0.5274,0.5443,0.548025,0.542,0.54825,0.541675,0.54845,0.553333333,0.58115,0.549025,0.514075,0.509875,0.525425,0.50965,0.50815,0.580475,0.55125,0.577375,0
34,Biden,North Dakota,0.0,0.0,0.0,0.0,0.0,0.0,0.0,0.0,0.0,0.0,0.0,0.0,0.0,0.0,0.0,0.0,0.0,0.0,0.0,0.0,0.0,0.0,0.0,0.0,0.0,0.0,0.0,0.0,0.0,0.0,0.0,0.0,0.0,0.0,0.0,0.0,0.0,6.25e-05,0.0,0.0,0.0,0.0,0.0,0.0,0.0,0.0,0.0,0.0,0.0,0.0,0.0,0.0,0.0,2.5e-05,0.0,0.0,0.0,0.0,0.0,0.0,0.0,0.0,0.0,0.0,0.0,0.0,0.0,0.0,0.0,0.0,0.0,0.0,0.0,0.0,0.0,0.0,0.0,0.0,0.0,0
35,Biden,Ohio,0.395875,0.437075,0.4357,0.40355,0.3967,0.382025,0.362575,0.346675,0.3432,0.340625,0.3326,0.422275,0.344,0.35915,0.329525,0.31105,0.301075,0.30035,0.37895,0.417375,0.4352,0.361225,0.394925,0.3992,0.42285,0.423025,0.4198,0.438725,0.3667,0.4115,0.443075,0.463875,0.4304375,0.42490625,0.41934375,0.44709375,0.41625,0.43696875,0.442375,0.45265625,0.47925,0.45425,0.45305,0.434375,0.3816,0.410925,0.4058,0.3259,0.30785,0.32325,0.290975,0.301775,0.296025,0.29725,0.326,0.32625,0.32215,0.322425,0.323475,0.319175,0.3027,0.310125,0.3424,0.35785,0.3487,0.35655,0.3454,0.36215,0.357666667,0.3773,0.351125,0.313875,0.31205,0.3225,0.338375,0.333275,0.434375,0.3816,0.410925,0
36,Biden,Oklahoma,0.0,0.0,0.0,0.0,0.0,0.0,0.0,0.0,0.0,0.0,0.0,0.0,0.0,0.0,0.0,0.0,0.0,0.0,0.0,0.0,0.0,0.0,0.0,0.0,0.0,0.0,0.0,0.0,0.0,0.0,0.0,0.0,0.0,0.0,0.0,0.0,0.0,0.0,0.0,0.0,0.0,0.0,0.0,0.0,0.0,0.0,2.5e-05,0.0,0.0,0.0,0.0,0.0,0.0,0.0,0.0,0.0,0.0,0.0,0.0,0.0,0.0,0.0,0.0,0.0,0.0,0.0,0.0,0.0,0.0,0.0,0.0,0.0,0.0,0.0,0.0,0.0,0.0,0.0,0.0,0
37,Biden,Oregon,0.999175,0.999575,0.99975,0.999475,0.999775,0.999725,0.999775,0.99985,0.999675,0.999825,0.999675,0.9994,0.999775,0.99975,0.999825,0.999725,0.9998,0.999825,0.999925,0.999975,0.999975,0.99895,0.998975,0.999175,0.999375,0.999325,0.999675,0.999675,1.0,0.9999375,0.9999875,0.998,0.9979375,0.99778125,0.9978125,0.99753125,0.9966875,0.9973125,0.9979375,0.99828125,0.9983125,0.999,0.997525,0.99775,0.997275,0.9974,0.9977,0.9978,0.996925,0.9963,0.994975,0.996775,0.995925,0.99675,0.996325,0.997225,0.997375,0.997025,0.997475,0.997525,0.99705,0.9975,0.997025,0.998,0.99785,0.998525,0.9976,0.99815,0.9984,0.99825,0.997725,0.996775,0.997325,0.997575,0.99795,0.997675,0.99775,0.997275,0.9974,1
38,Biden,Pennsylvania,0.8513,0.8892,0.889425,0.875425,0.872275,0.89075,0.88335,0.88265,0.88055,0.87805,0.882175,0.86915,0.886725,0.89355,0.891825,0.88595,0.883475,0.88095,0.921925,0.93235,0.94605,0.834225,0.851725,0.8568,0.86795,0.863375,0.8791,0.892025,0.928375,0.93575,0.947025,0.83659375,0.82009375,0.82028125,0.8175,0.8305625,0.80859375,0.819625,0.83334375,0.83990625,0.85390625,0.83875,0.824225,0.825875,0.798125,0.8169,0.81415,0.790475,0.7815,0.80295,0.769075,0.788975,0.78055,0.7828,0.81565,0.814,0.814475,0.7801,0.812775,0.8154,0.801375,0.80265,0.80265,0.805175,0.8022,0.8171,0.8107,0.832,0.797733333,0.842325,0.79535,0.76465,0.7646,0.7793,0.772625,0.768175,0.825875,0.798125,0.8169,1
39,Biden,Rhode Island,0.99995,1.0,0.999925,0.99995,0.999975,1.0,1.0,1.0,0.999975,0.999975,1.0,0.999975,1.0,1.0,1.0,0.999975,1.0,1.0,1.0,1.0,0.999975,0.99995,1.0,0.9999,1.0,0.99995,0.999975,0.99995,1.0,1.0,1.0,0.99978125,0.99996875,0.99971875,0.999875,0.9999375,0.99971875,0.99978125,0.99984375,0.99996875,0.9999375,1.0,0.99985,0.9999,0.999875,0.999925,0.9998,0.9996,0.999925,0.999875,0.999775,0.99985,0.999925,0.99985,0.9999,1.0,0.999925,0.99975,0.99995,0.999975,0.99985,0.99985,0.999925,0.999975,0.999925,0.999925,0.9999,0.999975,0.999933333,1.0,0.999775,0.9995,0.9999,0.999775,0.999875,0.999825,0.9999,0.999875,0.999925,1
40,Biden,South Carolina,0.065425,0.080675,0.08195,0.070875,0.072975,0.047775,0.0394,0.034525,0.034325,0.03235,0.03475,0.074375,0.034975,0.037525,0.0351,0.03485,0.0271,0.027525,0.040975,0.049975,0.034475,0.0633,0.0729,0.071075,0.0735,0.073475,0.08065,0.086975,0.0266,0.0203125,0.023775,0.11059375,0.09846875,0.08853125,0.09046875,0.10109375,0.0953125,0.10084375,0.08796875,0.0848125,0.10521875,0.107,0.0952,0.08545,0.076925,0.08715,0.0865,0.067925,0.0615,0.06885,0.062525,0.064225,0.059675,0.061075,0.0522,0.055,0.05085,0.0661,0.049875,0.048675,0.05105,0.05505,0.058525,0.059175,0.05685,0.0587,0.045225,0.0442,0.068533333,0.0544,0.07085,0.06065,0.06065,0.062875,0.060925,0.060325,0.08545,0.076925,0.08715,0
41,Biden,South Dakota,2.5e-05,7.5e-05,0.00015,0.0001,5e-05,5e-05,0.00015,7.5e-05,5e-05,2.5e-05,2.5e-05,0.0,5e-05,5e-05,2.5e-05,0.0,0.0,2.5e-05,7.5e-05,0.00015,5e-05,2.5e-05,0.00015,0.000125,7.5e-05,2.5e-05,0.0,7.5e-05,0.00015,0.0,2.5e-05,0.00046875,0.00034375,9.38e-05,0.0001875,0.00028125,0.00028125,0.000125,0.000125,9.38e-05,0.00028125,0.0005,7.5e-05,0.0003,0.000225,0.000175,0.000175,0.00025,5e-05,0.000125,2.5e-05,7.5e-05,5e-05,0.0001,7.5e-05,2.5e-05,2.5e-05,0.000125,2.5e-05,5e-05,2.5e-05,0.000125,0.00015,7.5e-05,0.000125,0.0,7.5e-05,5e-05,6.67e-05,5e-05,2.5e-05,0.000125,5e-05,0.0001,5e-05,0.000125,0.0003,0.000225,0.000175,0
42,Biden,Tennessee,0.00065,0.0007,0.001,0.0006,0.000525,0.0006,0.000275,0.00025,0.000275,0.0004,0.000325,0.00055,0.0002,0.000325,0.000375,0.0003,0.0001,0.0001,0.000525,0.000725,0.0004,0.000225,0.0006,0.00065,0.00055,0.00045,0.000775,0.0006,2.5e-05,0.0,2.5e-05,0.00175,0.00171875,0.00128125,0.00140625,0.00153125,0.001625,0.00146875,0.0014375,0.00103125,0.00140625,0.0015,0.0012,0.001475,0.0011,0.00135,0.001125,0.000575,0.000525,0.0005,0.0003,0.00045,0.0003,0.000325,0.000225,0.000175,0.00025,0.000775,0.000425,0.000225,0.000125,0.00055,0.0003,0.000425,0.000625,0.000375,0.000475,0.0003,0.000866667,0.000425,0.000775,0.00055,0.00075,0.000475,0.0008,0.000775,0.001475,0.0011,0.00135,0
43,Biden,Texas,0.20095,0.2826,0.282725,0.28455,0.29005,0.2778,0.282425,0.2943,0.291475,0.291525,0.288225,0.208975,0.31405,0.32905,0.298475,0.290275,0.277075,0.270725,0.29855,0.26505,0.276,0.193275,0.2099,0.2012,0.214975,0.23375,0.284025,0.3046,0.27245,0.2814375,0.3030125,0.35153125,0.3346875,0.26759375,0.27321875,0.27734375,0.31490625,0.3081875,0.32225,0.33134375,0.348625,0.32675,0.3335,0.3311,0.30435,0.32095,0.30035,0.29345,0.2893,0.30555,0.286,0.28855,0.28605,0.284775,0.288825,0.29125,0.297375,0.297225,0.295675,0.264025,0.260925,0.2686,0.268075,0.181925,0.1885,0.1988,0.19375,0.2073,0.316666667,0.214675,0.324475,0.3086,0.31395,0.302675,0.278475,0.274825,0.3311,0.30435,0.32095,0
44,Biden,Utah,2.5e-05,2.5e-05,0.0,5e-05,5e-05,0.0001,0.0,0.0,2.5e-05,0.0,2.5e-05,2.5e-05,2.5e-05,2.5e-05,2.5e-05,0.0,2.5e-05,5e-05,0.0001,2.5e-05,0.0,2.5e-05,5e-05,5e-05,0.0,2.5e-05,0.0,2.5e-05,0.0001,6.25e-05,5e-05,0.0005,0.00040625,0.0001875,0.00028125,0.0001875,0.00034375,0.0003125,0.000375,0.0004375,0.00034375,0.00075,0.000225,0.00035,0.000175,0.000225,0.00025,0.000125,0.0001,5e-05,7.5e-05,5e-05,0.000175,7.5e-05,5e-05,0.0001,0.0,0.000275,7.5e-05,2.5e-05,7.5e-05,5e-05,5e-05,0.0001,7.5e-05,0.0001,7.5e-05,5e-05,0.0002,7.5e-05,0.0002,0.0002,0.000225,0.000125,0.000175,0.0002,0.00035,0.000175,0.000225,0
45,Biden,Vermont,1.0,1.0,1.0,1.0,1.0,1.0,1.0,1.0,1.0,1.0,1.0,1.0,1.0,1.0,1.0,1.0,1.0,1.0,1.0,1.0,1.0,1.0,1.0,1.0,1.0,1.0,1.0,1.0,1.0,1.0,1.0,1.0,1.0,1.0,1.0,1.0,1.0,1.0,1.0,1.0,1.0,1.0,1.0,1.0,1.0,1.0,1.0,1.0,1.0,1.0,1.0,1.0,1.0,1.0,1.0,1.0,1.0,1.0,1.0,1.0,1.0,1.0,1.0,1.0,1.0,1.0,1.0,1.0,1.0,1.0,1.0,1.0,1.0,1.0,1.0,1.0,1.0,1.0,1.0,1
46,Biden,Virginia,0.957475,0.97615,0.97835,0.9748,0.973475,0.97835,0.97695,0.985875,0.985125,0.984475,0.98545,0.96705,0.983225,0.98945,0.9884,0.98825,0.98615,0.9873,0.9924,0.994425,0.99535,0.9603,0.9644,0.966025,0.968775,0.9698,0.971675,0.978125,0.9954,0.9970625,0.9974,0.96234375,0.9558125,0.954875,0.95490625,0.95796875,0.95346875,0.95184375,0.95353125,0.95303125,0.96184375,0.96475,0.961575,0.96005,0.9526,0.9609,0.957275,0.9456,0.945575,0.952775,0.94685,0.948825,0.94855,0.95605,0.964725,0.96695,0.9671,0.943575,0.968,0.964625,0.9626,0.9629,0.9672,0.95065,0.95025,0.953275,0.948125,0.951025,0.9486,0.955675,0.946325,0.936925,0.93925,0.941025,0.943925,0.942775,0.96005,0.9526,0.9609,1
47,Biden,Washington,0.999975,0.999975,1.0,1.0,1.0,1.0,1.0,1.0,1.0,1.0,1.0,0.999975,1.0,1.0,1.0,1.0,1.0,1.0,1.0,1.0,1.0,1.0,1.0,1.0,1.0,0.99995,1.0,1.0,1.0,1.0,1.0,0.9999375,0.99996875,1.0,0.99996875,0.99990625,0.9999375,0.999875,1.0,0.99996875,1.0,1.0,0.99995,0.99995,0.9999,1.0,1.0,0.999875,0.99995,0.99995,0.99995,0.9999,1.0,0.9999,0.99995,0.999975,0.999975,0.9999,0.99995,1.0,1.0,1.0,1.0,1.0,0.999975,1.0,1.0,1.0,1.0,1.0,0.999975,0.99995,0.99995,1.0,0.999925,0.99985,0.99995,0.9999,1.0,1
48,Biden,West Virginia,0.0,0.0,0.0,0.0,0.0,0.0,0.0,0.0,0.0,0.0,0.0,0.0,0.0,0.0,0.0,0.0,0.0,0.0,0.0,0.0,0.0,0.0,0.0,0.0,0.0,0.0,0.0,0.0,0.0,0.0,0.0,0.0,0.0,0.0,0.0,0.0,0.0,0.0,0.0,0.0,0.0,0.0,0.0,0.0,0.0,0.0,0.0,0.0,0.0,0.0,0.0,0.0,0.0,0.0,0.0,0.0,0.0,0.0,0.0,0.0,0.0,0.0,0.0,0.0,0.0,0.0,0.0,0.0,0.0,0.0,0.0,0.0,0.0,0.0,0.0,0.0,0.0,0.0,0.0,0
49,Biden,Wisconsin,0.8925,0.91295,0.9127,0.906025,0.902975,0.90995,0.910325,0.907175,0.90645,0.90355,0.899125,0.9051,0.9128,0.924075,0.91635,0.91415,0.912775,0.915925,0.951325,0.961125,0.971075,0.87385,0.891225,0.888825,0.902825,0.8993,0.90385,0.911175,0.966475,0.9729375,0.9801125,0.86290625,0.84784375,0.84865625,0.84853125,0.85821875,0.83840625,0.84515625,0.8628125,0.86578125,0.87875,0.8675,0.85355,0.852525,0.817225,0.83755,0.83105,0.840125,0.830125,0.842525,0.8099,0.827525,0.822775,0.82825,0.852225,0.8564,0.8567,0.817125,0.853225,0.85685,0.839625,0.841425,0.86705,0.86395,0.86105,0.8659,0.8634,0.877225,0.839533333,0.884625,0.838225,0.810125,0.81265,0.8245,0.8345,0.831875,0.852525,0.817225,0.83755,1
50,Biden,Wyoming,0.0,0.0,0.0,0.0,0.0,0.0,0.0,0.0,0.0,0.0,0.0,0.0,0.0,0.0,0.0,0.0,0.0,0.0,0.0,0.0,0.0,0.0,0.0,0.0,0.0,0.0,0.0,0.0,0.0,0.0,0.0,0.0,0.0,0.0,0.0,0.0,0.0,0.0,0.0,0.0,0.0,0.0,0.0,0.0,0.0,0.0,0.0,0.0,0.0,0.0,0.0,0.0,0.0,0.0,0.0,0.0,0.0,0.0,0.0,0.0,0.0,0.0,0.0,0.0,0.0,0.0,0.0,0.0,0.0,0.0,0.0,0.0,0.0,0.0,0.0,0.0,0.0,0.0,0.0,0
51,Trump,Alabama,0.9996,0.999425,0.999675,0.999625,0.999575,0.9999,0.999925,0.9999,0.99995,0.999825,0.999925,0.999775,1.0,0.999875,0.999925,0.999975,1.0,0.99995,0.99985,0.99985,1.0,0.999825,0.999675,0.99955,0.999725,0.999725,0.9996,0.9995,1.0,1.0,1.0,0.9995,0.999625,0.99965625,0.99946875,0.99953125,0.9995625,0.99971875,0.999625,0.99971875,0.99953125,0.99925,0.9996,0.99955,0.99975,0.9997,0.99975,0.9999,0.9998,0.999825,0.99995,0.99995,0.999825,0.99985,0.9999,0.999975,0.99995,0.999875,0.999875,0.999925,1.0,0.99975,0.999825,0.9998,0.9996,0.99975,0.99985,0.99975,0.999866667,0.999725,0.999775,0.999825,0.9999,0.999925,0.999725,0.999825,0.99955,0.99975,0.9997,1
52,Trump,Alaska,0.8938,0.891775,0.889775,0.89115,0.89115,0.884675,0.880875,0.89645,0.928175,0.92925,0.9304,0.89375,0.926775,0.91415,0.93335,0.932475,0.92665,0.926875,0.8967,0.891775,0.869975,0.9091,0.9006,0.8989,0.886475,0.9026,0.894,0.8881,0.9455,0.9598125,0.949075,0.8934375,0.90178125,0.9080625,0.91009375,0.90815625,0.91509375,0.91246875,0.9070625,0.9058125,0.89709375,0.9105,0.911025,0.9147,0.92085,0.91545,0.91645,0.90355,0.922375,0.921,0.928625,0.9267,0.923275,0.926475,0.926775,0.924425,0.919425,0.91695,0.919725,0.92665,0.926225,0.92745,0.923925,0.908,0.916225,0.91505,0.91595,0.904325,0.906333333,0.895525,0.9029,0.914975,0.9144,0.9139,0.892325,0.89565,0.9147,0.92085,0.91545,1
53,Trump,Arizona,0.386475,0.3281,0.3219,0.330625,0.33035,0.31925,0.31935,0.32895,0.3283,0.3313,0.331675,0.3653,0.3094,0.28445,0.280325,0.333475,0.350475,0.349025,0.300625,0.27615,0.233475,0.4048,0.3832,0.37945,0.348675,0.311275,0.31465,0.2977,0.2675,0.296875,0.2684875,0.3761875,0.399125,0.4149375,0.4128125,0.408125,0.3988125,0.3985625,0.33203125,0.32575,0.3178125,0.33525,0.346075,0.349125,0.381275,0.358175,0.3785,0.37345,0.39385,0.37445,0.41645,0.385425,0.395575,0.3957,0.384525,0.38575,0.366475,0.363775,0.37175,0.3824,0.38585,0.37965,0.39775,0.400575,0.417675,0.39545,0.39225,0.370725,0.312066667,0.375125,0.321925,0.3525,0.346425,0.346025,0.3683,0.3726,0.349125,0.381275,0.358175,0
54,Trump,Arkansas,0.999775,0.99965,0.999525,0.999625,0.999825,0.9999,0.99985,0.9999,0.999825,0.999775,0.9999,0.99975,0.999875,0.999825,0.999875,0.999975,0.9999,0.999875,0.9998,0.9996,0.9997,0.999925,0.999775,0.99985,0.999675,0.999775,0.99965,0.9998,0.999975,1.0,1.0,0.99925,0.9994375,0.99946875,0.99925,0.99946875,0.99925,0.99903125,0.9994375,0.9996875,0.9994375,0.99925,0.999425,0.99955,0.999475,0.999475,0.999525,0.999725,0.99975,0.99985,0.99995,0.99985,0.9998,0.999775,0.999925,0.9999,0.9999,0.99965,0.9998,0.9999,0.999925,0.99975,0.9998,0.9998,0.9998,0.9997,0.9998,0.99975,0.9996,0.999825,0.999625,0.9997,0.999725,0.999725,0.99975,0.99975,0.99955,0.999475,0.999475,1
55,Trump,California,0.0,0.0,0.0,0.0,0.0,0.0,0.0,0.0,0.0,0.0,0.0,0.0,0.0,0.0,0.0,0.0,0.0,0.0,0.0,0.0,0.0,0.0,0.0,0.0,0.0,0.0,0.0,0.0,0.0,0.0,0.0,0.0,0.0,0.0,0.0,0.0,0.0,0.0,0.0,0.0,0.0,0.0,0.0,0.0,0.0,0.0,0.0,0.0,0.0,0.0,0.0,0.0,0.0,0.0,0.0,0.0,0.0,0.0,0.0,0.0,0.0,0.0,0.0,0.0,0.0,0.0,0.0,0.0,0.0,0.0,0.0,0.0,0.0,0.0,0.0,0.0,0.0,0.0,0.0,0
56,Trump,Colorado,0.030025,0.02195,0.018675,0.021225,0.02145,0.01155,0.009575,0.0177,0.0166,0.01645,0.01685,0.0243,0.015975,0.012075,0.012375,0.010075,0.010225,0.0106,0.00605,0.00445,0.00255,0.03085,0.027075,0.026275,0.023325,0.0202,0.022575,0.017575,0.002425,0.0014375,0.001325,0.0226875,0.02446875,0.02478125,0.02521875,0.02428125,0.02925,0.02759375,0.02165625,0.0203125,0.01959375,0.015,0.022225,0.021975,0.0271,0.023775,0.025325,0.041325,0.04595,0.04155,0.0522,0.04595,0.047775,0.0447,0.036375,0.036425,0.0333,0.0321,0.0341,0.0355,0.0395,0.038525,0.034925,0.032675,0.034425,0.032125,0.03465,0.032,0.024066667,0.030075,0.02695,0.034,0.031175,0.03105,0.028,0.028275,0.0219749999999999,0.0271,0.0237749999999999,0
57,Trump,Connecticut,0.00025,0.000125,0.0001,0.0001,7.5e-05,7.5e-05,5e-05,0.0001,0.0,2.5e-05,0.0,2.5e-05,0.0,5e-05,0.0,2.5e-05,5e-05,2.5e-05,0.0,0.0,0.0,0.0001,0.000225,0.0002,0.0001,0.000175,2.5e-05,2.5e-05,0.0,0.0,0.0,0.00025,0.0003125,0.00040625,0.00053125,0.00028125,0.00053125,0.0004375,0.00046875,0.00021875,0.0001875,0.0,0.00035,0.000525,0.000475,0.00045,0.00045,0.000725,0.00045,0.000225,0.000375,0.0006,0.00025,0.000425,0.000225,0.0001,0.000175,0.00055,0.000125,5e-05,0.000125,0.0004,0.000175,0.000475,0.000275,0.000175,0.000375,0.0001,0.0,0.000225,0.000375,0.00065,0.000425,0.00085,0.000575,0.000275,0.0005249999999999,0.000475,0.0004499999999999,0
58,Trump,DC,0.0,0.0,0.0,0.0,0.0,0.0,0.0,0.0,0.0,0.0,0.0,0.0,0.0,0.0,0.0,0.0,0.0,0.0,0.0,0.0,0.0,0.0,0.0,0.0,0.0,0.0,0.0,0.0,0.0,0.0,0.0,0.0,0.0,0.0,0.0,0.0,0.0,0.0,0.0,0.0,0.0,0.0,0.0,0.0,0.0,0.0,0.0,0.0,0.0,0.0,0.0,0.0,0.0,0.0,0.0,0.0,0.0,0.0,0.0,0.0,0.0,0.0,0.0,0.0,0.0,0.0,0.0,0.0,0.0,0.0,0.0,0.0,0.0,0.0,0.0,0.0,0.0,0.0,0.0,0
59,Trump,Delaware,0.0003,2.5e-05,2.5e-05,0.0001,0.0,0.00015,2.5e-05,0.0,7.5e-05,2.5e-05,0.0001,0.00015,5e-05,0.0,2.5e-05,2.5e-05,2.5e-05,0.0,0.0,0.0,0.0,0.000225,0.000225,0.00025,5e-05,2.5e-05,2.5e-05,0.0,0.0,0.0,0.0,0.00128125,0.00159375,0.0020625,0.002,0.00171875,0.00178125,0.00153125,0.0018125,0.00121875,0.000375,0.001,0.000575,0.000525,0.00085,0.000675,0.000825,0.0007,0.00065,0.000275,0.000675,0.000475,0.0005,0.000625,0.000225,0.000525,0.00015,0.000925,0.00045,0.000275,0.000575,0.0003,0.000425,0.000475,0.000525,0.000525,0.00045,0.00065,0.000266667,0.000325,0.00125,0.0008,0.000675,0.001325,0.001325,0.000625,0.0005249999999999,0.00085,0.0006749999999999,0
60,Trump,Florida,0.31945,0.244775,0.24295,0.25155,0.25445,0.23615,0.254,0.2469,0.241375,0.24395,0.2451,0.2887,0.2301,0.228875,0.2329,0.233075,0.2632,0.265075,0.2213,0.2089,0.207425,0.31485,0.295625,0.29415,0.278725,0.276425,0.24935,0.234,0.2689,0.2194375,0.200225,0.21834375,0.2348125,0.2419375,0.2418125,0.228625,0.23290625,0.22803125,0.2049375,0.1961875,0.19471875,0.21125,0.21795,0.22185,0.251,0.231975,0.2433,0.30045,0.300575,0.276675,0.308825,0.29665,0.309575,0.315025,0.2975,0.301975,0.3082,0.271475,0.30875,0.3188,0.327275,0.327575,0.339775,0.339,0.343375,0.326825,0.33565,0.325825,0.2528,0.319625,0.282675,0.31675,0.316925,0.3081,0.332825,0.34365,0.22185,0.2509999999999999,0.231975,1
61,Trump,Georgia,0.544825,0.498075,0.4943,0.526725,0.5229,0.5679,0.552275,0.5494,0.554625,0.551575,0.54625,0.516025,0.54035,0.54205,0.519125,0.51325,0.5573,0.56015,0.501375,0.471625,0.478925,0.535825,0.51315,0.514425,0.507675,0.500225,0.488425,0.476675,0.434075,0.4338125,0.4170125,0.520375,0.54728125,0.55978125,0.56628125,0.53721875,0.53540625,0.5329375,0.554625,0.54934375,0.51178125,0.503,0.520475,0.528425,0.55265,0.537275,0.539975,0.595025,0.61005,0.580425,0.594625,0.591675,0.59365,0.5964,0.604275,0.597525,0.602225,0.59045,0.6051,0.63195,0.61185,0.595175,0.6033,0.617625,0.6248,0.618075,0.624775,0.630525,0.581466667,0.554625,0.582325,0.613475,0.61355,0.602725,0.601775,0.605525,0.5284249999999999,0.55265,0.537275,0
62,Trump,Hawaii,0.0,0.0,0.0,0.0,0.0,0.0,0.0,0.0,0.0,0.0,0.0,0.0,0.0,0.0,0.0,0.0,0.0,0.0,0.0,0.0,0.0,0.0,0.0,0.0,0.0,0.0,0.0,0.0,0.0,0.0,0.0,0.0,0.0,0.0,0.0,0.0,0.0,0.0,0.0,0.0,0.0,0.0,0.0,0.0,0.0,0.0,0.0,0.0,0.0,0.0,0.0,0.0,0.0,0.0,0.0,0.0,0.0,0.0,0.0,0.0,0.0,0.0,0.0,0.0,0.0,0.0,0.0,0.0,0.0,0.0,0.0,0.0,0.0,0.0,0.0,0.0,0.0,0.0,0.0,0
63,Trump,Idaho,1.0,1.0,1.0,1.0,1.0,1.0,1.0,1.0,1.0,1.0,1.0,1.0,1.0,1.0,1.0,1.0,1.0,1.0,1.0,1.0,1.0,1.0,1.0,1.0,1.0,1.0,1.0,1.0,1.0,1.0,1.0,0.99996875,1.0,1.0,1.0,1.0,1.0,1.0,1.0,1.0,1.0,1.0,1.0,1.0,1.0,1.0,1.0,1.0,1.0,1.0,1.0,1.0,1.0,1.0,1.0,1.0,1.0,1.0,1.0,1.0,1.0,1.0,1.0,1.0,1.0,1.0,1.0,1.0,1.0,1.0,1.0,1.0,0.999975,1.0,1.0,1.0,1.0,1.0,1.0,1
64,Trump,Illinois,0.002375,0.0009,0.0014,0.00125,0.00125,0.000625,0.001025,0.00075,0.0007,0.00085,0.00055,0.0016,0.000375,0.0003,0.0001,0.000475,0.000575,0.0003,0.000325,0.000175,0.000125,0.002425,0.002125,0.001825,0.001275,0.00115,0.0012,0.001075,0.000175,0.0,1.25e-05,0.003375,0.00359375,0.00415625,0.00409375,0.00396875,0.00346875,0.004125,0.002875,0.0025,0.00225,0.00225,0.00235,0.00245,0.003,0.0019,0.0027,0.0026,0.002925,0.00215,0.003225,0.00285,0.0032,0.002975,0.0022,0.00225,0.002125,0.003725,0.0019,0.002175,0.00305,0.00215,0.002375,0.002075,0.002325,0.002025,0.00245,0.002125,0.002,0.0022,0.002575,0.00365,0.00415,0.002775,0.003425,0.002925,0.0024499999999999,0.003,0.0019,0
65,Trump,Indiana,0.999,0.9983,0.99795,0.998825,0.999025,0.9991,0.9983,0.998975,0.999125,0.998675,0.999,0.998475,0.999175,0.99925,0.9989,0.999275,0.999325,0.999475,0.998475,0.99805,0.998225,0.999175,0.9988,0.9991,0.9986,0.998675,0.998575,0.998575,0.99925,0.9996875,0.99925,0.9874375,0.98975,0.9915,0.9904375,0.98946875,0.9908125,0.99059375,0.990375,0.99171875,0.98896875,0.98875,0.99095,0.991525,0.992675,0.99255,0.9925,0.99395,0.998225,0.998125,0.9991,0.99895,0.998675,0.9989,0.999075,0.998725,0.999075,0.995175,0.99885,0.99855,0.999325,0.99875,0.998425,0.998825,0.9988,0.998575,0.998675,0.9988,0.993733333,0.998525,0.9936,0.9955,0.995325,0.9952,0.99395,0.9936,0.991525,0.992675,0.99255,1
66,Trump,Iowa,0.6143,0.57515,0.5793,0.604175,0.603325,0.58915,0.6121,0.637225,0.6515,0.65635,0.6563,0.621275,0.64205,0.620975,0.60685,0.6254,0.6219,0.627825,0.524,0.491125,0.436275,0.6754,0.64905,0.64435,0.62745,0.632925,0.5981,0.581025,0.60775,0.6130625,0.549475,0.59796875,0.62659375,0.6356875,0.6374375,0.62359375,0.65109375,0.64075,0.64446875,0.630375,0.610125,0.63275,0.63935,0.64895,0.680425,0.65845,0.6621,0.67015,0.71405,0.697375,0.731425,0.715975,0.71715,0.7139,0.677575,0.683125,0.678075,0.69405,0.682075,0.682175,0.696675,0.68655,0.66325,0.6598,0.672225,0.6652,0.665725,0.654075,0.658533333,0.637175,0.671175,0.700425,0.70125,0.69095,0.667125,0.67385,0.64895,0.6804250000000001,0.65845,1
67,Trump,Kansas,0.992175,0.989475,0.9894,0.9909,0.991375,0.9909,0.9909,0.99285,0.993625,0.9943,0.99385,0.991975,0.993675,0.993675,0.996575,0.99705,0.99665,0.9969,0.99435,0.993,0.992525,0.993425,0.990975,0.992,0.9911,0.99195,0.9904,0.990075,0.9972,0.99925,0.99865,0.98503125,0.9879375,0.988,0.98815625,0.98828125,0.9885625,0.98840625,0.98946875,0.99034375,0.98684375,0.98875,0.989425,0.990725,0.9922,0.9905,0.990625,0.99335,0.995,0.994975,0.99725,0.9957,0.99575,0.995775,0.99555,0.9957,0.996175,0.99275,0.9959,0.9964,0.99655,0.99605,0.9952,0.9924,0.99345,0.992275,0.9933,0.9926,0.9924,0.9917,0.992775,0.994025,0.993475,0.9936,0.992425,0.992525,0.990725,0.9922,0.9905,1
68,Trump,Kentucky,1.0,0.99995,0.99995,1.0,1.0,1.0,1.0,1.0,0.999975,1.0,1.0,1.0,1.0,1.0,1.0,1.0,1.0,0.999975,1.0,0.999975,0.999975,1.0,0.9999,1.0,1.0,1.0,0.999975,0.999925,1.0,1.0,1.0,0.99975,0.99990625,0.999875,0.99984375,0.9998125,0.99990625,0.999875,0.9998125,0.99996875,0.99984375,0.99975,0.9999,0.999725,0.99985,0.99985,0.9999,0.99995,0.999875,0.99995,1.0,0.999975,0.999925,0.99995,0.99995,1.0,1.0,0.999975,0.99995,0.999975,0.999925,0.999975,0.99995,1.0,0.99995,1.0,1.0,1.0,0.999866667,1.0,0.999925,0.999975,0.99985,0.999975,0.99995,0.999925,0.999725,0.99985,0.99985,1
69,Trump,Louisiana,0.989775,0.98755,0.9879,0.9896,0.990225,0.9933,0.9964,0.996475,0.996325,0.996325,0.99615,0.989025,0.996475,0.996675,0.996275,0.99635,0.997675,0.997525,0.9905,0.987725,0.998825,0.99105,0.98895,0.98965,0.9883,0.988425,0.987575,0.9858,0.999025,0.9994375,0.9993875,0.98853125,0.991125,0.99128125,0.990875,0.982375,0.98209375,0.98240625,0.9845,0.98403125,0.9793125,0.97875,0.981575,0.9825,0.985325,0.98395,0.98415,0.98965,0.9911,0.9891,0.9908,0.990525,0.99125,0.992375,0.992075,0.99125,0.992675,0.98965,0.99105,0.993475,0.991825,0.99155,0.990425,0.99125,0.992125,0.992,0.99285,0.9926,0.9892,0.990275,0.988525,0.992025,0.992,0.99165,0.990825,0.990225,0.9825,0.985325,0.98395,1
70,Trump,Maine,0.0125,0.007075,0.007225,0.0077,0.007475,0.005275,0.0068,0.0076,0.007425,0.008075,0.0079,0.01015,0.0062,0.0052,0.0052,0.006475,0.007275,0.0065,0.002875,0.00205,0.0015,0.01375,0.011775,0.011,0.010125,0.010725,0.008025,0.006925,0.001475,0.0009375,0.0003875,0.04053125,0.045625,0.0459375,0.0469375,0.041875,0.05090625,0.04928125,0.04275,0.04128125,0.0378125,0.03825,0.047725,0.046125,0.053925,0.046275,0.0497,0.049775,0.04245,0.03505,0.047625,0.043875,0.045075,0.0425,0.02065,0.02005,0.016425,0.054675,0.0185,0.018075,0.0215,0.020325,0.019025,0.01845,0.018975,0.0181,0.01985,0.0151,0.044533333,0.013675,0.04915,0.0636,0.06155,0.05535,0.0553,0.056175,0.0461249999999999,0.053925,0.0462749999999999,0
71,Trump,Maryland,0.0,0.0,0.0,0.0,0.0,0.0,0.0,0.0,0.0,0.0,0.0,0.0,0.0,0.0,0.0,0.0,0.0,0.0,0.0,0.0,0.0,0.0,0.0,0.0,0.0,0.0,0.0,0.0,0.0,0.0,0.0,0.0,0.0,0.0,0.0,3.13e-05,0.0,0.0,0.0,6.25e-05,0.0,0.0,0.0,0.0,0.0,0.0,0.0,0.0,0.0,0.0,0.0,0.0,0.0,0.0,2.5e-05,0.0,0.0,0.0,0.0,0.0,0.0,0.0,0.0,0.0,0.0,0.0,0.0,0.0,0.0,0.0,0.0,0.0,0.0,0.0,0.0,0.0,0.0,0.0,0.0,0
72,Trump,Massachusetts,0.0,0.0,0.0,0.0,0.0,0.0,0.0,0.0,0.0,0.0,0.0,0.0,0.0,0.0,0.0,0.0,0.0,0.0,0.0,0.0,0.0,0.0,0.0,0.0,0.0,0.0,0.0,0.0,0.0,0.0,0.0,0.0,0.0,0.0,0.0,0.0,0.0,0.0,0.0,0.0,0.0,0.0,0.0,0.0,0.0,0.0,0.0,0.0,0.0,0.0,0.0,0.0,0.0,0.0,0.0,0.0,0.0,0.0,0.0,0.0,0.0,0.0,0.0,0.0,0.0,0.0,0.0,0.0,0.0,0.0,0.0,0.0,0.0,0.0,0.0,0.0,0.0,0.0,0.0,0
73,Trump,Michigan,0.09455,0.0685,0.066125,0.079825,0.085325,0.0813,0.0839,0.0827,0.0863,0.086925,0.089225,0.081425,0.076925,0.066975,0.065575,0.06765,0.0728,0.07005,0.035675,0.027475,0.0229,0.1093,0.092575,0.091625,0.078425,0.08025,0.073925,0.06635,0.0233,0.0215625,0.0162125,0.12228125,0.1396875,0.1415,0.14109375,0.12715625,0.14378125,0.14209375,0.12603125,0.12028125,0.10653125,0.121,0.126375,0.134125,0.157275,0.13955,0.1457,0.1333,0.1392,0.12275,0.143825,0.1345,0.1388,0.1379,0.117275,0.114675,0.10635,0.169625,0.1084,0.109125,0.116925,0.12055,0.107925,0.1165,0.119275,0.114175,0.12415,0.113875,0.150733333,0.103875,0.15605,0.18065,0.176775,0.1656,0.15595,0.157725,0.134125,0.157275,0.1395499999999999,0
74,Trump,Minnesota,0.066425,0.04385,0.04365,0.047775,0.05285,0.04745,0.050425,0.051975,0.052625,0.055575,0.054325,0.0556,0.05025,0.04515,0.0421,0.0487,0.0482,0.048375,0.026225,0.0208,0.0113,0.073475,0.0632,0.06085,0.05565,0.054125,0.05275,0.0447,0.014425,0.01425,0.0103625,0.07471875,0.08434375,0.084125,0.08321875,0.0783125,0.1024375,0.0990625,0.08975,0.08653125,0.07803125,0.07525,0.08975,0.090275,0.1044,0.094325,0.098125,0.11315,0.12195,0.109375,0.126975,0.108775,0.1144,0.1124,0.08445,0.083925,0.082875,0.112075,0.08435,0.085275,0.09115,0.0882,0.07845,0.077525,0.08355,0.077175,0.08125,0.073775,0.098933333,0.069225,0.103525,0.1215,0.1206,0.11255,0.10815,0.10865,0.090275,0.1044,0.0943249999999999,0
75,Trump,Mississippi,0.9831,0.978475,0.978225,0.982175,0.981575,0.986125,0.9887,0.9875,0.9876,0.987575,0.987925,0.979375,0.987925,0.988,0.985825,0.987075,0.99025,0.989925,0.984875,0.9801,0.9946,0.98285,0.98035,0.97945,0.981225,0.980075,0.978075,0.97555,0.995225,0.99775,0.997875,0.96971875,0.97528125,0.9748125,0.975125,0.97171875,0.97009375,0.971125,0.9741875,0.9745,0.96875,0.96925,0.97145,0.973025,0.9752,0.9705,0.972175,0.97995,0.981725,0.978375,0.979525,0.980875,0.9808,0.981725,0.982875,0.98255,0.984375,0.979525,0.98285,0.98505,0.9865,0.98515,0.9847,0.9846,0.98605,0.983825,0.986975,0.9871,0.9786,0.982475,0.976875,0.980775,0.979125,0.9793,0.97995,0.979325,0.973025,0.9752,0.9705,1
76,Trump,Missouri,0.96795,0.95665,0.95455,0.96035,0.960825,0.969575,0.9703,0.9736,0.9757,0.976775,0.975525,0.961375,0.976225,0.973775,0.977175,0.977325,0.97875,0.980975,0.969225,0.9617,0.960225,0.9712,0.9646,0.965325,0.962575,0.965225,0.9596,0.95725,0.97765,0.9860625,0.9816,0.9426875,0.951625,0.9541875,0.95396875,0.953625,0.95740625,0.953875,0.9585625,0.96075,0.95146875,0.95025,0.957825,0.962525,0.96825,0.9652,0.959725,0.96795,0.97265,0.970925,0.976575,0.974075,0.9735,0.97445,0.971125,0.9739,0.973125,0.967125,0.973375,0.97455,0.97605,0.973375,0.97115,0.971375,0.973775,0.9716,0.975425,0.97385,0.965533333,0.968375,0.9658,0.9735,0.972375,0.970225,0.9678,0.9677,0.962525,0.96825,0.9652,1
77,Trump,Montana,0.987325,0.9836,0.981975,0.986275,0.983375,0.98295,0.984125,0.98665,0.98755,0.988575,0.9889,0.9853,0.989375,0.988875,0.990275,0.9918,0.991925,0.992175,0.98245,0.981575,0.9726,0.98845,0.986325,0.986875,0.98625,0.9876,0.984925,0.983975,0.9864,0.98975,0.9827,0.97178125,0.977375,0.97721875,0.97796875,0.9756875,0.9806875,0.97721875,0.97903125,0.97946875,0.977625,0.98075,0.980925,0.9833,0.98565,0.9831,0.984475,0.986625,0.987075,0.9864,0.989925,0.989325,0.98805,0.988925,0.985775,0.98755,0.987625,0.985875,0.98675,0.9889,0.990375,0.98915,0.9879,0.98725,0.988775,0.988725,0.9896,0.98745,0.984066667,0.9864,0.983675,0.9893,0.987025,0.98725,0.9865,0.985725,0.9833,0.98565,0.9831,1
78,Trump,Nebraska,0.999625,0.9995,0.999425,0.99955,0.999575,0.9996,0.99945,0.9996,0.999775,0.999775,0.9998,0.999375,0.99985,0.99975,0.999725,0.999825,0.999725,0.9998,0.999425,0.9996,0.9996,0.99955,0.9994,0.99965,0.999575,0.9997,0.999475,0.999425,0.9997,0.99975,0.999725,0.99803125,0.998375,0.9986875,0.9980625,0.99828125,0.99878125,0.9984375,0.99846875,0.9989375,0.99853125,0.99825,0.998975,0.99885,0.999175,0.99885,0.999125,0.99925,0.99935,0.999525,0.999725,0.999575,0.99945,0.99965,0.999375,0.99965,0.999675,0.9995,0.999725,0.99965,0.999575,0.9995,0.999475,0.99945,0.9996,0.9994,0.99965,0.99945,0.999533333,0.99975,0.9993,0.999525,0.999175,0.99945,0.999325,0.9992,0.99885,0.999175,0.99885,1
79,Trump,Nevada,0.1531,0.120275,0.119925,0.11515,0.11745,0.1234,0.1263,0.1195,0.11745,0.11755,0.115075,0.137175,0.101875,0.09355,0.080125,0.09525,0.103325,0.1029,0.0886,0.07805,0.067825,0.16125,0.146675,0.146675,0.13035,0.11815,0.1191,0.10935,0.069275,0.055375,0.052125,0.131,0.1345,0.14396875,0.148,0.1498125,0.138,0.13634375,0.11075,0.10525,0.09578125,0.1045,0.10755,0.113875,0.129175,0.118525,0.127025,0.156025,0.166775,0.145975,0.179625,0.1718,0.1772,0.182475,0.17815,0.179575,0.173125,0.139125,0.174525,0.1838,0.19155,0.179675,0.185625,0.140475,0.1558,0.147175,0.145575,0.13825,0.121333333,0.13755,0.128375,0.147325,0.143,0.13875,0.1599,0.169075,0.1138749999999999,0.129175,0.1185249999999999,0
80,Trump,New Hampshire,0.110075,0.072575,0.074125,0.07535,0.081975,0.063625,0.06155,0.0621,0.0632,0.064175,0.06475,0.101625,0.061125,0.05435,0.0569,0.060275,0.06115,0.0614,0.037625,0.030775,0.021325,0.12105,0.106675,0.104325,0.096275,0.096275,0.09405,0.071975,0.023375,0.021125,0.0144125,0.08465625,0.09171875,0.0948125,0.09509375,0.08975,0.10784375,0.12128125,0.113875,0.10759375,0.1020625,0.10825,0.1179,0.118175,0.137475,0.12575,0.1327,0.142825,0.140125,0.124825,0.177025,0.165425,0.170775,0.16815,0.12945,0.1275,0.12325,0.14265,0.1261,0.121825,0.1339,0.150375,0.134975,0.1414,0.1443,0.138475,0.1446,0.13105,0.134933333,0.117425,0.135825,0.16355,0.1612,0.1492,0.149225,0.150775,0.118175,0.137475,0.12575,0
81,Trump,New Jersey,0.00055,0.00045,0.0004,0.000275,0.000175,0.000175,0.000275,0.0001,0.000125,0.0001,5e-05,0.0002,2.5e-05,0.0,2.5e-05,7.5e-05,5e-05,0.0,0.00015,5e-05,0.0,0.00035,0.0002,0.000225,0.0002,0.000275,0.000475,7.5e-05,0.0,0.0,0.0,0.0009375,0.00059375,0.00071875,0.000875,0.00075,0.000875,0.00096875,0.0004375,0.00053125,0.0003125,0.00025,0.000475,0.000425,0.000575,0.000325,0.0004,0.000925,0.0005,0.000575,0.000725,0.000775,0.000575,0.0008,0.000475,0.0006,0.000475,0.00065,0.000675,0.0006,0.00075,0.000575,0.0005,0.000375,0.000575,0.00035,0.00055,0.000575,0.000333333,0.0004,0.000675,0.000775,0.000625,0.0005,0.001,0.00075,0.000425,0.0005749999999999,0.000325,0
82,Trump,New Mexico,0.01345,0.00445,0.00465,0.00435,0.00465,0.00445,0.0039,0.003725,0.00385,0.00385,0.003275,0.010575,0.0031,0.002775,0.0026,0.003625,0.0052,0.003925,0.0042,0.003275,0.003375,0.01165,0.010525,0.01095,0.009575,0.005925,0.00445,0.00405,0.004725,0.0029375,0.0022875,0.01528125,0.01571875,0.0185625,0.0191875,0.018,0.0155625,0.016625,0.01340625,0.013625,0.012875,0.0105,0.013575,0.0129,0.014875,0.01325,0.01455,0.01335,0.013775,0.011025,0.01395,0.011725,0.01265,0.012425,0.0123,0.012775,0.012075,0.0136,0.011725,0.01325,0.0127,0.011975,0.014775,0.016325,0.014875,0.01275,0.012175,0.011125,0.0112,0.0106,0.011175,0.01525,0.0135,0.009525,0.0146,0.0156,0.0129,0.0148749999999999,0.0132499999999999,0
83,Trump,New York,0.0,0.0,0.0,0.0,0.0,0.0,0.0,0.0,0.0,0.0,0.0,0.0,0.0,0.0,0.0,0.0,0.0,0.0,0.0,0.0,0.0,0.0,0.0,0.0,0.0,0.0,0.0,0.0,0.0,0.0,0.0,9.38e-05,0.0,0.0,0.0,0.0,0.0,0.0,0.0,0.0,0.0,0.0,0.0,0.0,0.0,0.0,0.0,0.0,0.0,0.0,0.0,0.0,0.0,0.0,0.0,0.0,0.0,0.0,0.0,0.0,0.0,0.0,0.0,0.0,0.0,0.0,0.0,0.0,0.0,0.0,0.0,0.0,0.0,0.0,0.0,0.0,0.0,0.0,0.0,0
84,Trump,North Carolina,0.4013,0.3263,0.33165,0.342875,0.3446,0.356875,0.35565,0.363475,0.37085,0.37205,0.369075,0.3833,0.35335,0.310575,0.31755,0.3327,0.34485,0.3523,0.2632,0.238025,0.2706,0.4266,0.3954,0.392425,0.37805,0.383725,0.3488,0.3328,0.30205,0.3324375,0.301575,0.37646875,0.413375,0.4131875,0.42028125,0.39465625,0.409625,0.404625,0.45075,0.43940625,0.39240625,0.38925,0.40995,0.419525,0.44875,0.422625,0.42425,0.4558,0.4818,0.4543,0.4791,0.4706,0.47025,0.469825,0.459225,0.445775,0.466925,0.474825,0.463025,0.47185,0.478525,0.4726,0.4557,0.451975,0.458,0.45175,0.458325,0.45155,0.446666667,0.41885,0.450975,0.485925,0.490125,0.474575,0.49035,0.49185,0.419525,0.44875,0.422625,1
85,Trump,North Dakota,1.0,1.0,1.0,1.0,1.0,1.0,1.0,1.0,1.0,1.0,1.0,1.0,1.0,1.0,1.0,1.0,1.0,1.0,1.0,1.0,1.0,1.0,1.0,1.0,1.0,1.0,1.0,1.0,1.0,1.0,1.0,1.0,1.0,1.0,1.0,1.0,1.0,0.9999375,1.0,1.0,1.0,1.0,1.0,1.0,1.0,1.0,1.0,1.0,1.0,1.0,1.0,1.0,1.0,0.999975,1.0,1.0,1.0,1.0,1.0,1.0,1.0,1.0,1.0,1.0,1.0,1.0,1.0,1.0,1.0,1.0,1.0,1.0,1.0,1.0,1.0,1.0,1.0,1.0,1.0,1
86,Trump,Ohio,0.604125,0.562925,0.5643,0.59645,0.6033,0.617975,0.637425,0.653325,0.6568,0.659375,0.6674,0.577725,0.656,0.64085,0.670475,0.68895,0.698925,0.69965,0.62105,0.582625,0.5648,0.638775,0.605075,0.6008,0.57715,0.576975,0.5802,0.561275,0.6333,0.5885,0.556925,0.536125,0.5695625,0.57509375,0.58065625,0.55290625,0.58375,0.56303125,0.557625,0.54734375,0.52075,0.54575,0.54695,0.565625,0.6184,0.589075,0.5942,0.6741,0.69215,0.67675,0.709025,0.698225,0.703975,0.70275,0.674,0.67375,0.67785,0.677575,0.676525,0.680825,0.6973,0.689875,0.6576,0.64215,0.6513,0.64345,0.6546,0.63785,0.642333333,0.6227,0.648875,0.686125,0.68795,0.6775,0.661625,0.666725,0.565625,0.6184000000000001,0.589075,1
87,Trump,Oklahoma,1.0,1.0,1.0,1.0,1.0,1.0,1.0,1.0,1.0,1.0,1.0,1.0,1.0,1.0,1.0,1.0,1.0,1.0,1.0,1.0,1.0,1.0,1.0,1.0,1.0,1.0,1.0,1.0,1.0,1.0,1.0,1.0,1.0,1.0,1.0,1.0,1.0,1.0,1.0,1.0,1.0,1.0,1.0,1.0,1.0,1.0,0.999975,1.0,1.0,1.0,1.0,1.0,1.0,1.0,1.0,1.0,1.0,1.0,1.0,1.0,1.0,1.0,1.0,1.0,1.0,1.0,1.0,1.0,1.0,1.0,1.0,1.0,1.0,1.0,1.0,1.0,1.0,1.0,1.0,1
88,Trump,Oregon,0.000825,0.000425,0.00025,0.000525,0.000225,0.000275,0.000225,0.00015,0.000325,0.000175,0.000325,0.0006,0.000225,0.00025,0.000175,0.000275,0.0002,0.000175,7.5e-05,2.5e-05,2.5e-05,0.00105,0.001025,0.000825,0.000625,0.000675,0.000325,0.000325,0.0,6.25e-05,1.25e-05,0.002,0.0020625,0.00221875,0.0021875,0.00246875,0.0033125,0.0026875,0.0020625,0.00171875,0.0016875,0.001,0.002475,0.00225,0.002725,0.0026,0.0023,0.0022,0.003075,0.0037,0.005025,0.003225,0.004075,0.00325,0.003675,0.002775,0.002625,0.002975,0.002525,0.002475,0.00295,0.0025,0.002975,0.002,0.00215,0.001475,0.0024,0.00185,0.0016,0.00175,0.002275,0.003225,0.002675,0.002425,0.00205,0.002325,0.0022499999999999,0.0027249999999999,0.0026,0
89,Trump,Pennsylvania,0.1487,0.1108,0.110575,0.124575,0.127725,0.10925,0.11665,0.11735,0.11945,0.12195,0.117825,0.13085,0.113275,0.10645,0.108175,0.11405,0.116525,0.11905,0.078075,0.06765,0.05395,0.165775,0.148275,0.1432,0.13205,0.136625,0.1209,0.107975,0.071625,0.06425,0.052975,0.16340625,0.17990625,0.17971875,0.1825,0.1694375,0.19140625,0.180375,0.16665625,0.16009375,0.14609375,0.16125,0.175775,0.174125,0.201875,0.1831,0.18585,0.209525,0.2185,0.19705,0.230925,0.211025,0.21945,0.2172,0.18435,0.186,0.185525,0.2199,0.187225,0.1846,0.198625,0.19735,0.19735,0.194825,0.1978,0.1829,0.1893,0.168,0.202266667,0.157675,0.20465,0.23535,0.2354,0.2207,0.227375,0.231825,0.1741249999999999,0.201875,0.1831,0
90,Trump,Rhode Island,5e-05,0.0,7.5e-05,5e-05,2.5e-05,0.0,0.0,0.0,2.5e-05,2.5e-05,0.0,2.5e-05,0.0,0.0,0.0,2.5e-05,0.0,0.0,0.0,0.0,2.5e-05,5e-05,0.0,0.0001,0.0,5e-05,2.5e-05,5e-05,0.0,0.0,0.0,0.00021875,3.13e-05,0.00028125,0.000125,6.25e-05,0.00028125,0.00021875,0.00015625,3.13e-05,6.25e-05,0.0,0.00015,0.0001,0.000125,7.5e-05,0.0002,0.0004,7.5e-05,0.000125,0.000225,0.00015,7.5e-05,0.00015,0.0001,0.0,7.5e-05,0.00025,5e-05,2.5e-05,0.00015,0.00015,7.5e-05,2.5e-05,7.5e-05,7.5e-05,0.0001,2.5e-05,6.67e-05,0.0,0.000225,0.0005,0.0001,0.000225,0.000125,0.000175,9.9999999999989e-05,0.000125,7.500000000004725e-05,0
91,Trump,South Carolina,0.934575,0.919325,0.91805,0.929125,0.927025,0.952225,0.9606,0.965475,0.965675,0.96765,0.96525,0.925625,0.965025,0.962475,0.9649,0.96515,0.9729,0.972475,0.959025,0.950025,0.965525,0.9367,0.9271,0.928925,0.9265,0.926525,0.91935,0.913025,0.9734,0.9796875,0.976225,0.88940625,0.90153125,0.91146875,0.90953125,0.89890625,0.9046875,0.89915625,0.91203125,0.9151875,0.89478125,0.893,0.9048,0.91455,0.923075,0.91285,0.9135,0.932075,0.9385,0.93115,0.937475,0.935775,0.940325,0.938925,0.9478,0.945,0.94915,0.9339,0.950125,0.951325,0.94895,0.94495,0.941475,0.940825,0.94315,0.9413,0.954775,0.9558,0.931466667,0.9456,0.92915,0.93935,0.93935,0.937125,0.939075,0.939675,0.91455,0.923075,0.91285,1
92,Trump,South Dakota,0.999975,0.999925,0.99985,0.9999,0.99995,0.99995,0.99985,0.999925,0.99995,0.999975,0.999975,1.0,0.99995,0.99995,0.999975,1.0,1.0,0.999975,0.999925,0.99985,0.99995,0.999975,0.99985,0.999875,0.999925,0.999975,1.0,0.999925,0.99985,1.0,0.999975,0.99953125,0.99965625,0.99990625,0.9998125,0.99971875,0.99971875,0.999875,0.999875,0.99990625,0.99971875,0.9995,0.999925,0.9997,0.999775,0.999825,0.999825,0.99975,0.99995,0.999875,0.999975,0.999925,0.99995,0.9999,0.999925,0.999975,0.999975,0.999875,0.999975,0.99995,0.999975,0.999875,0.99985,0.999925,0.999875,1.0,0.999925,0.99995,0.999933333,0.99995,0.999975,0.999875,0.99995,0.9999,0.99995,0.999875,0.9997,0.999775,0.999825,1
93,Trump,Tennessee,0.99935,0.9993,0.999,0.9994,0.999475,0.9994,0.999725,0.99975,0.999725,0.9996,0.999675,0.99945,0.9998,0.999675,0.999625,0.9997,0.9999,0.9999,0.999475,0.999275,0.9996,0.999775,0.9994,0.99935,0.99945,0.99955,0.999225,0.9994,0.999975,1.0,0.999975,0.99825,0.99828125,0.99871875,0.99859375,0.99846875,0.998375,0.99853125,0.9985625,0.99896875,0.99859375,0.9985,0.9988,0.998525,0.9989,0.99865,0.998875,0.999425,0.999475,0.9995,0.9997,0.99955,0.9997,0.999675,0.999775,0.999825,0.99975,0.999225,0.999575,0.999775,0.999875,0.99945,0.9997,0.999575,0.999375,0.999625,0.999525,0.9997,0.999133333,0.999575,0.999225,0.99945,0.99925,0.999525,0.9992,0.999225,0.998525,0.9989,0.99865,1
94,Trump,Texas,0.79905,0.7174,0.717275,0.71545,0.70995,0.7222,0.717575,0.7057,0.708525,0.708475,0.711775,0.791025,0.68595,0.67095,0.701525,0.709725,0.722925,0.729275,0.70145,0.73495,0.724,0.806725,0.7901,0.7988,0.785025,0.76625,0.715975,0.6954,0.72755,0.7185625,0.6969875,0.64846875,0.6653125,0.73240625,0.72678125,0.72265625,0.68509375,0.6918125,0.67775,0.66865625,0.651375,0.67325,0.6665,0.6689,0.69565,0.67905,0.69965,0.70655,0.7107,0.69445,0.714,0.71145,0.71395,0.715225,0.711175,0.70875,0.702625,0.702775,0.704325,0.735975,0.739075,0.7314,0.731925,0.818075,0.8115,0.8012,0.80625,0.7927,0.683333333,0.785325,0.675525,0.6914,0.68605,0.697325,0.721525,0.725175,0.6689,0.69565,0.6790499999999999,1
95,Trump,Utah,0.999975,0.999975,1.0,0.99995,0.99995,0.9999,1.0,1.0,0.999975,1.0,0.999975,0.999975,0.999975,0.999975,0.999975,1.0,0.999975,0.99995,0.9999,0.999975,1.0,0.999975,0.99995,0.99995,1.0,0.999975,1.0,0.999975,0.9999,0.9999375,0.99995,0.9995,0.99959375,0.9998125,0.99971875,0.9998125,0.99965625,0.9996875,0.999625,0.9995625,0.99965625,0.99925,0.999775,0.99965,0.999825,0.999775,0.99975,0.999875,0.9999,0.99995,0.999925,0.99995,0.999825,0.999925,0.99995,0.9999,1.0,0.999725,0.999925,0.999975,0.999925,0.99995,0.99995,0.9999,0.999925,0.9999,0.999925,0.99995,0.9998,0.999925,0.9998,0.9998,0.999775,0.999875,0.999825,0.9998,0.99965,0.999825,0.999775,1
96,Trump,Vermont,0.0,0.0,0.0,0.0,0.0,0.0,0.0,0.0,0.0,0.0,0.0,0.0,0.0,0.0,0.0,0.0,0.0,0.0,0.0,0.0,0.0,0.0,0.0,0.0,0.0,0.0,0.0,0.0,0.0,0.0,0.0,0.0,0.0,0.0,0.0,0.0,0.0,0.0,0.0,0.0,0.0,0.0,0.0,0.0,0.0,0.0,0.0,0.0,0.0,0.0,0.0,0.0,0.0,0.0,0.0,0.0,0.0,0.0,0.0,0.0,0.0,0.0,0.0,0.0,0.0,0.0,0.0,0.0,0.0,0.0,0.0,0.0,0.0,0.0,0.0,0.0,0.0,0.0,0.0,0
97,Trump,Virginia,0.042525,0.02385,0.02165,0.0252,0.026525,0.02165,0.02305,0.014125,0.014875,0.015525,0.01455,0.03295,0.016775,0.01055,0.0116,0.01175,0.01385,0.0127,0.0076,0.005575,0.00465,0.0397,0.0356,0.033975,0.031225,0.0302,0.028325,0.021875,0.0046,0.0029375,0.0026,0.03765625,0.0441875,0.045125,0.04509375,0.04203125,0.04653125,0.04815625,0.04646875,0.04696875,0.03815625,0.03525,0.038425,0.03995,0.0474,0.0391,0.042725,0.0544,0.054425,0.047225,0.05315,0.051175,0.05145,0.04395,0.035275,0.03305,0.0329,0.056425,0.032,0.035375,0.0374,0.0371,0.0328,0.04935,0.04975,0.046725,0.051875,0.048975,0.0514,0.044325,0.053675,0.063075,0.06075,0.058975,0.056075,0.057225,0.03995,0.0474,0.0391,0
98,Trump,Washington,2.5e-05,2.5e-05,0.0,0.0,0.0,0.0,0.0,0.0,0.0,0.0,0.0,2.5e-05,0.0,0.0,0.0,0.0,0.0,0.0,0.0,0.0,0.0,0.0,0.0,0.0,0.0,5e-05,0.0,0.0,0.0,0.0,0.0,6.25e-05,3.13e-05,0.0,3.13e-05,9.38e-05,6.25e-05,0.000125,0.0,3.13e-05,0.0,0.0,5e-05,5e-05,0.0001,0.0,0.0,0.000125,5e-05,5e-05,5e-05,0.0001,0.0,0.0001,5e-05,2.5e-05,2.5e-05,0.0001,5e-05,0.0,0.0,0.0,0.0,0.0,2.5e-05,0.0,0.0,0.0,0.0,0.0,2.5e-05,5e-05,5e-05,0.0,7.5e-05,0.00015,4.999999999999449e-05,9.9999999999989e-05,0.0,0
99,Trump,West Virginia,1.0,1.0,1.0,1.0,1.0,1.0,1.0,1.0,1.0,1.0,1.0,1.0,1.0,1.0,1.0,1.0,1.0,1.0,1.0,1.0,1.0,1.0,1.0,1.0,1.0,1.0,1.0,1.0,1.0,1.0,1.0,1.0,1.0,1.0,1.0,1.0,1.0,1.0,1.0,1.0,1.0,1.0,1.0,1.0,1.0,1.0,1.0,1.0,1.0,1.0,1.0,1.0,1.0,1.0,1.0,1.0,1.0,1.0,1.0,1.0,1.0,1.0,1.0,1.0,1.0,1.0,1.0,1.0,1.0,1.0,1.0,1.0,1.0,1.0,1.0,1.0,1.0,1.0,1.0,1
100,Trump,Wisconsin,0.1075,0.08705,0.0873,0.093975,0.097025,0.09005,0.089675,0.092825,0.09355,0.09645,0.100875,0.0949,0.0872,0.075925,0.08365,0.08585,0.087225,0.084075,0.048675,0.038875,0.028925,0.12615,0.108775,0.111175,0.097175,0.1007,0.09615,0.088825,0.033525,0.0270625,0.0198875,0.13709375,0.15215625,0.15134375,0.15146875,0.14178125,0.16159375,0.15484375,0.1371875,0.13421875,0.12125,0.1325,0.14645,0.147475,0.182775,0.16245,0.16895,0.159875,0.169875,0.157475,0.1901,0.172475,0.177225,0.17175,0.147775,0.1436,0.1433,0.182875,0.146775,0.14315,0.160375,0.158575,0.13295,0.13605,0.13895,0.1341,0.1366,0.122775,0.160466667,0.115375,0.161775,0.189875,0.18735,0.1755,0.1655,0.168125,0.147475,0.182775,0.1624499999999999,0
101,Trump,Wyoming,1.0,1.0,1.0,1.0,1.0,1.0,1.0,1.0,1.0,1.0,1.0,1.0,1.0,1.0,1.0,1.0,1.0,1.0,1.0,1.0,1.0,1.0,1.0,1.0,1.0,1.0,1.0,1.0,1.0,1.0,1.0,1.0,1.0,1.0,1.0,1.0,1.0,1.0,1.0,1.0,1.0,1.0,1.0,1.0,1.0,1.0,1.0,1.0,1.0,1.0,1.0,1.0,1.0,1.0,1.0,1.0,1.0,1.0,1.0,1.0,1.0,1.0,1.0,1.0,1.0,1.0,1.0,1.0,1.0,1.0,1.0,1.0,1.0,1.0,1.0,1.0,1.0,1.0,1.0,1
